offer,candidates,link_offer
Visitors Services Coordination Unit - Post C: Visitors communications event assistant,55,https://ep-stages.gestmax.eu/3088/1/visitors-services-coordination-unit-post-c-visitors-communications-event-assistant/en_US?backlink=search
Visitors Services Coordination Unit - Post B: Visitors communications marketing assistant ,27,https://ep-stages.gestmax.eu/3087/1/visitors-services-coordination-unit-post-b-visitors-communications-marketing-assistant/en_US?backlink=search
Visitors Services Coordination Unit - Post A: Visitors communications assistant,26,https://ep-stages.gestmax.eu/3086/1/visitors-services-coordination-unit-post-a-visitors-communications-assistant/en_US?backlink=search
Conference Infrastructure and Innovation Unit - Multilingual Remote Meetings Service - Post D,11,https://ep-stages.gestmax.eu/3085/1/conference-infrastructure-and-innovation-unit-multilingual-remote-meetings-service-post-d/en_US?backlink=search
Conference Infrastructure and Innovation Unit - Multilingual Remote Meetings Service - Post C,7,https://ep-stages.gestmax.eu/3084/1/conference-infrastructure-and-innovation-unit-multilingual-remote-meetings-service-post-c/en_US?backlink=search
Conference Infrastructure and Innovation Unit - Multilingual Remote Meetings Service  - Post B,6,https://ep-stages.gestmax.eu/3083/1/conference-infrastructure-and-innovation-unit-multilingual-remote-meetings-service-post-b/en_US?backlink=search
Conference Infrastructure and Innovation Unit - Multilingual Remote Meetings Service - Post A,5,https://ep-stages.gestmax.eu/3082/1/conference-infrastructure-and-innovation-unit-multilingual-remote-meetings-service-post-a/en_US?backlink=search
Programming Unit ,12,https://ep-stages.gestmax.eu/3081/1/programming-unit/en_US?backlink=search
Conference Coordination Unit  - Post B,12,https://ep-stages.gestmax.eu/3080/1/conference-coordination-unit-post-b/en_US?backlink=search
Multilingualism and Succession Planning Unit - Post B: Multilingualism Support,25,https://ep-stages.gestmax.eu/3079/1/multilingualism-and-succession-planning-unit-post-b-multilingualism-support/en_US?backlink=search
Request Management Unit - Post B,7,https://ep-stages.gestmax.eu/3078/1/request-management-unit-post-b/en_US?backlink=search
FMS Competence Centre Unit,7,https://ep-stages.gestmax.eu/3077/1/fms-competence-centre-unit/en_US?backlink=search
Information Technology and e-Portal Unit,4,https://ep-stages.gestmax.eu/3076/1/information-technology-and-e-portal-unit/en_US?backlink=search
Human Resources Unit ,29,https://ep-stages.gestmax.eu/3075/1/human-resources-unit/en_US?backlink=search
Budgetary Policies Unit,13,https://ep-stages.gestmax.eu/3074/1/budgetary-policies-unit/en_US?backlink=search
Economic Policies Unit ,20,https://ep-stages.gestmax.eu/3073/1/economic-policies-unit/en_US?backlink=search
Ex-Post Evaluation Unit ,24,https://ep-stages.gestmax.eu/3072/1/ex-post-evaluation-unit/en_US?backlink=search
European Council Oversight Unit,24,https://ep-stages.gestmax.eu/3071/1/european-council-oversight-unit/en_US?backlink=search
Citizens' Library Unit,12,https://ep-stages.gestmax.eu/3070/1/citizens-library-unit/en_US?backlink=search
Comparative Law Library Unit - Post A,11,https://ep-stages.gestmax.eu/3069/1/comparative-law-library-unit-post-a/en_US?backlink=search
Linking the Levels Unit - Post B,21,https://ep-stages.gestmax.eu/3068/1/linking-the-levels-unit-post-b/en_US?backlink=search
Information Technology and e-Portal Unit / Travel Management Unit,4,https://ep-stages.gestmax.eu/3067/1/information-technology-and-e-portal-unit-travel-management-unit/en_US?backlink=search
Linking the Levels Unit - Post A,19,https://ep-stages.gestmax.eu/3066/1/linking-the-levels-unit-post-a/en_US?backlink=search
Comparative Law Library Unit - Post B,10,https://ep-stages.gestmax.eu/3065/1/comparative-law-library-unit-post-b/en_US?backlink=search
Digital Library Unit,5,https://ep-stages.gestmax.eu/3064/1/digital-library-unit/en_US?backlink=search
External Policies Unit ,105,https://ep-stages.gestmax.eu/3063/1/external-policies-unit/en_US?backlink=search
MEPs' Portal Unit - Post C,5,https://ep-stages.gestmax.eu/3062/1/meps-portal-unit-post-c/en_US?backlink=search
Facilities Management Unit,3,https://ep-stages.gestmax.eu/3061/1/facilities-management-unit/en_US?backlink=search
MEPs' Portal Unit - Post B,6,https://ep-stages.gestmax.eu/3060/1/meps-portal-unit-post-b/en_US?backlink=search
Ex-Ante Impact Assessment Unit,15,https://ep-stages.gestmax.eu/3059/1/ex-ante-impact-assessment-unit/en_US?backlink=search
Scientific Foresight  Unit - Post A,9,https://ep-stages.gestmax.eu/3058/1/scientific-foresight-unit-post-a/en_US?backlink=search
European Added Value Unit ,28,https://ep-stages.gestmax.eu/3057/1/european-added-value-unit/en_US?backlink=search
Citizens' Enquiries Unit (AskEP),8,https://ep-stages.gestmax.eu/3056/1/citizens-enquiries-unit-askep/en_US?backlink=search
Directorate for Members' Financial and Social Entitlements ,5,https://ep-stages.gestmax.eu/3055/1/directorate-for-members-financial-and-social-entitlements/en_US?backlink=search
Information Technology  Unit ,8,https://ep-stages.gestmax.eu/3054/1/information-technology-unit/en_US?backlink=search
Citizens' Policies Unit ,10,https://ep-stages.gestmax.eu/3053/1/citizens-policies-unit/en_US?backlink=search
Members' Travel and Subsistence Expenses Unit - Post B,4,https://ep-stages.gestmax.eu/3052/1/members-travel-and-subsistence-expenses-unit-post-b/en_US?backlink=search
Members' Travel and Subsistence Expenses Unit - Post A,5,https://ep-stages.gestmax.eu/3051/1/members-travel-and-subsistence-expenses-unit-post-a/en_US?backlink=search
MEPs' Portal Unit - Post A,5,https://ep-stages.gestmax.eu/3050/1/meps-portal-unit-post-a/en_US?backlink=search
 Library Reading Room Unit,5,https://ep-stages.gestmax.eu/3049/1/library-reading-room-unit/en_US?backlink=search
Scientific Foresight Unit -  Post B,3,https://ep-stages.gestmax.eu/3048/1/scientific-foresight-unit-post-b/en_US?backlink=search
Strategy and Innovation Unit ,17,https://ep-stages.gestmax.eu/3047/1/strategy-and-innovation-unit/en_US?backlink=search
Strategic Foresight and Capabilities Unit - Post B: Events and outreach,5,https://ep-stages.gestmax.eu/3046/1/strategic-foresight-and-capabilities-unit-post-b-events-and-outreach/en_US?backlink=search
Human Resources and Organisation Unit,7,https://ep-stages.gestmax.eu/3045/1/human-resources-and-organisation-unit/en_US?backlink=search
Strategic Foresight and Capabilities Unit - Post A: Research,16,https://ep-stages.gestmax.eu/3044/1/strategic-foresight-and-capabilities-unit-post-a-research/en_US?backlink=search
Central Financial Unit,10,https://ep-stages.gestmax.eu/3043/1/central-financial-unit-eu-public-finance-and-public-procurement/en_US?backlink=search
Procurement Service,5,https://ep-stages.gestmax.eu/3042/1/service-marches-publics/en_US?backlink=search
Web Communication Unit - Post G: Social Media producer,27,https://ep-stages.gestmax.eu/3041/1/web-communication-unit-post-g-social-media-producer/en_US?backlink=search
Web Communication Unit - Post F: Web editor,22,https://ep-stages.gestmax.eu/3040/1/web-communication-unit-post-f-web-editor/en_US?backlink=search
Web Communication Unit - Post E: Slovak language editor,3,https://ep-stages.gestmax.eu/3039/1/web-communication-unit-post-e-slovak-language-editor/en_US?backlink=search
Web Communication Unit - Post D: Greek language editor,8,https://ep-stages.gestmax.eu/3038/1/web-communication-unit-post-d-greek-language-editor/en_US?backlink=search
Web Communication Unit - Post C: Swedish language editor,3,https://ep-stages.gestmax.eu/3037/1/web-communication-unit-post-c-swedish-language-editor/en_US?backlink=search
Web Communication Unit - Post B: Latvian language editor,1,https://ep-stages.gestmax.eu/3036/1/web-communication-unit-post-b-latvian-language-editor/en_US?backlink=search
Parliamentary Assistance and Members' General Expenditure Unit - Post C: Innovation and Development (Outreach),9,https://ep-stages.gestmax.eu/3035/1/parliamentary-assistance-and-members-general-expenditure-unit-post-c-innovation-and-development/en_US?backlink=search
Traineeship at Web Communication Unit - Post A: Estonian language editor,1,https://ep-stages.gestmax.eu/3034/1/web-communication-unit-post-a-estonian-language-editor/en_US?backlink=search
Travel Management Unit,9,https://ep-stages.gestmax.eu/3033/1/travel-management-unit/en_US?backlink=search
Director-General for Finance,3,https://ep-stages.gestmax.eu/3032/1/director-general-for-finance/en_US?backlink=search
Parliamentary Assistance and Members' General Expenditure Unit - Post B: Financial Team,5,https://ep-stages.gestmax.eu/3031/1/parliamentary-assistance-and-members-general-expenditure-unit-post-b-financial-team/en_US?backlink=search
Webmaster Unit - Post B,6,https://ep-stages.gestmax.eu/3030/1/l-unite-de-la-gestion-du-site-web-poste-b/en_US?backlink=search
Parliamentary Assistance and Members' General Expenditure Unit - Post A: Financial Team,4,https://ep-stages.gestmax.eu/3029/1/parliamentary-assistance-and-members-general-expenditure-unit-post-a-financial-team/en_US?backlink=search
Structural Policies Unit ,16,https://ep-stages.gestmax.eu/3028/1/structural-policies-unit/en_US?backlink=search
Directorate-General for Parliamentary Reserach Services,15,https://ep-stages.gestmax.eu/3027/1/directorate-general-for-parliamentary-reserach-services/en_US?backlink=search
Webmaster Unit - Post A,1,https://ep-stages.gestmax.eu/3026/1/webmaster-unit-post-a/en_US?backlink=search
Legislative Dialogue Unit ,4,https://ep-stages.gestmax.eu/3025/1/legislative-dialogue-unit/en_US?backlink=search
Secretariat of the EP Delegation to the Conference on the Future of Europe,14,https://ep-stages.gestmax.eu/3024/1/secretariat-of-the-ep-delegation-to-the-conference-on-the-future-of-europe/en_US?backlink=search
Civil Society Outreach Unit: Post C,9,https://ep-stages.gestmax.eu/3023/1/civil-society-outreach-unit-post-c/en_US?backlink=search
Civil Society Outreach Unit: Post B,3,https://ep-stages.gestmax.eu/3022/1/civil-society-outreach-unit-post-b/en_US?backlink=search
Luxembourg and Strasbourg Major Construction Projects Unit,1,https://ep-stages.gestmax.eu/3021/1/luxembourg-and-strasbourg-major-construction-projects-unit/en_US?backlink=search
Civil Society Outreach Unit - Post A,4,https://ep-stages.gestmax.eu/3020/1/civil-society-outreach-unit-post-a/en_US?backlink=search
Concept and Design Unit - Post B: Assistant strategic planner/marketing officer,12,https://ep-stages.gestmax.eu/3019/1/concept-and-design-unit-post-b-assistant-strategic-planner-marketing-officer/en_US?backlink=search
Concept and Design Unit - Post A: Graphic designer,7,https://ep-stages.gestmax.eu/3018/1/concept-and-design-unit-post-a-graphic-designer/en_US?backlink=search
Subtitling and Voice Over Unit - Post A,17,https://ep-stages.gestmax.eu/3016/1/subtitling-and-voice-over-unit-post-a/en_US?backlink=search
Subtitling and Voice Over Unit - Post D: Dutch,3,https://ep-stages.gestmax.eu/3015/1/subtitling-and-voice-over-unit-post-d-dutch/en_US?backlink=search
Subtitling and Voice Over Unit - Post C,14,https://ep-stages.gestmax.eu/3014/1/subtitling-and-voice-over-unit-post-c/en_US?backlink=search
Subtitling and Voice Over Unit - Post B,16,https://ep-stages.gestmax.eu/3013/1/subtitling-and-voice-over-unit-post-b/en_US?backlink=search
Directorate for Resources - Legal - Data protection,29,https://ep-stages.gestmax.eu/3012/1/directorate-for-resources-legal-data-protection/en_US?backlink=search
Swedish Translation Unit - Post B,1,https://ep-stages.gestmax.eu/3011/1/swedish-translation-unit-post-b/en_US?backlink=search
Swedish Translation Unit - Post A,2,https://ep-stages.gestmax.eu/3010/1/swedish-translation-unit-post-a/en_US?backlink=search
Budget Unit,13,https://ep-stages.gestmax.eu/3009/1/budget-unit/en_US?backlink=search
Learning and Development Unit - Post C: Learn.LINGUA sector,6,https://ep-stages.gestmax.eu/3008/1/learning-and-development-unit-post-c-learn-lingua-sector/en_US?backlink=search
Accounting and Treasury Unit - Post B: Inventory/Accounting,13,https://ep-stages.gestmax.eu/3007/1/accounting-and-treasury-unit-post-b-inventory-accounting/en_US?backlink=search
Medical Leave Service,4,https://ep-stages.gestmax.eu/3006/1/medical-leave-service/en_US?backlink=search
Staff Front Office Unit: Post B - Privileges and Immunities Section,6,https://ep-stages.gestmax.eu/3005/1/staff-front-office-post-b-p-i/en_US?backlink=search
Accounting and Treasury Unit - Post A: Treasury,12,https://ep-stages.gestmax.eu/3004/1/accounting-and-treasury-unit-post-a-treasury/en_US?backlink=search
Strasbourg Conference and Visitor Services Unit - Post A: Public relations,12,https://ep-stages.gestmax.eu/3003/1/strasbourg-conference-and-visitor-services-unit-post-a-public-relations/en_US?backlink=search
Strasbourg Conference and Visitor Services Unit - Post B: Public Relations,13,https://ep-stages.gestmax.eu/3002/1/strasbourg-conference-and-visitor-services-unit-post-b-public-relations/en_US?backlink=search
Spanish Translation Unit - Post B,32,https://ep-stages.gestmax.eu/3001/1/spanish-translation-unit-post-b/en_US?backlink=search
Spanish Translation Unit - Post A,35,https://ep-stages.gestmax.eu/3000/1/spanish-translation-unit-post-a/en_US?backlink=search
Strasbourg Conference and Visitor Services Unit - Post C: Social media,10,https://ep-stages.gestmax.eu/2999/1/strasbourg-conference-and-visitor-services-unit-post-c-social-media/en_US?backlink=search
Staff Front Office Unit: Post A - Info Desk Section,11,https://ep-stages.gestmax.eu/2998/1/staff-front-office-post-a-info-desk/en_US?backlink=search
Individual Entitlements Unit,3,https://ep-stages.gestmax.eu/2997/1/unite-droits-individuels/en_US?backlink=search
House of European History - Post B: Learning team,11,https://ep-stages.gestmax.eu/2996/1/house-of-european-history-post-b-learning-outreach-team/en_US?backlink=search
Strategic HR Planning Unit,13,https://ep-stages.gestmax.eu/2995/1/strategic-hr-planning-unit/en_US?backlink=search
Talent Selection Unit,12,https://ep-stages.gestmax.eu/2994/1/talent-selection-unit/en_US?backlink=search
House of European History - Post A: Communications & Partnerships team,15,https://ep-stages.gestmax.eu/2993/1/house-of-european-history-post-a-communications-partnerships-team/en_US?backlink=search
 Comité du Personnel du Parlement européen - Poste B,4,https://ep-stages.gestmax.eu/2992/1/comite-du-personnel-du-parlement-europeen-poste-b/fr_FR?backlink=search
Comité du Personnel du Parlement européen - Poste A,2,https://ep-stages.gestmax.eu/2991/1/comite-du-personnel-du-parlement-europeen-poste-a/fr_FR?backlink=search
Slovene Translation Unit - Post A,0,https://ep-stages.gestmax.eu/2990/1/slovene-translation-unit-post-a/en_US?backlink=search
Slovene Translation Unit - Post B,0,https://ep-stages.gestmax.eu/2989/1/slovene-translation-unit-post-b/en_US?backlink=search
Data Protection Service,7,https://ep-stages.gestmax.eu/2988/1/data-protection-service/en_US?backlink=search
Slovak Translation Unit - Post B,3,https://ep-stages.gestmax.eu/2987/1/slovak-translation-unit-post-b/en_US?backlink=search
Slovak Translation Unit - Post A,2,https://ep-stages.gestmax.eu/2986/1/slovak-translation-unit-post-a/en_US?backlink=search
Business Continuity Management Unit,7,https://ep-stages.gestmax.eu/2985/1/business-continuity-management-unit/en_US?backlink=search
Romanian Translation Unit - Post B,7,https://ep-stages.gestmax.eu/2984/1/romanian-translation-unit-post-b/en_US?backlink=search
Romanian Translation Unit - Post A,9,https://ep-stages.gestmax.eu/2983/1/romanian-translation-unit-post-a/en_US?backlink=search
Quality Coordination Unit,9,https://ep-stages.gestmax.eu/2982/1/quality-coordination-unit/en_US?backlink=search
Polish Translation Unit - Post A,3,https://ep-stages.gestmax.eu/2981/1/polish-translation-unit-post-a/en_US?backlink=search
Polish Translation Unit - Post B,2,https://ep-stages.gestmax.eu/2980/1/polish-translation-unit-post-b/en_US?backlink=search
Planning Unit,7,https://ep-stages.gestmax.eu/2979/1/planning-unit/en_US?backlink=search
European Parliament Liaison Office in Cyprus - Post A,6,https://ep-stages.gestmax.eu/2978/1/european-parliament-liaison-office-in-cyprus-post-a/en_US?backlink=search
European Parliament Liaison Office in Cyprus - Post B,7,https://ep-stages.gestmax.eu/2977/1/european-parliament-liaison-office-in-cyprus-post-b/en_US?backlink=search
Multilingualism and External Relations Unit - Post B,12,https://ep-stages.gestmax.eu/2976/1/multilingualism-and-external-relations-unit-post-b/en_US?backlink=search
Multilingualism and External Relations Unit - Post A,23,https://ep-stages.gestmax.eu/2975/1/multilingualism-and-external-relations-unit-post-a/en_US?backlink=search
My House of European History - Post C,5,https://ep-stages.gestmax.eu/2974/1/my-house-of-european-history-post-c/en_US?backlink=search
My House of European History - Post B,5,https://ep-stages.gestmax.eu/2973/1/my-house-of-european-history-post-b/en_US?backlink=search
My House of European History - Post A,4,https://ep-stages.gestmax.eu/2972/1/my-house-of-european-history-post-a/en_US?backlink=search
Visits and Seminars Unit - POST D: Coordination sector,5,https://ep-stages.gestmax.eu/2971/1/visits-and-seminars-unit-post-d-coordination-sector/en_US?backlink=search
Visits and Seminars Unit - POST C:  Dutch-speaking sector,3,https://ep-stages.gestmax.eu/2970/1/visits-and-seminars-unit-post-c-dutch-speaking-sector/en_US?backlink=search
Visits and Seminar Unit - POST B:  German-speaking sector,3,https://ep-stages.gestmax.eu/2969/1/visits-and-seminars-unit-post-b-german-speaking-sector/en_US?backlink=search
Audiovisual Unit - Post D:  Europe by Satellite Service,6,https://ep-stages.gestmax.eu/2968/1/audiovisual-unit-post-d-europe-by-satellite-service/en_US?backlink=search
Audiovisual Unit - Post C:  Europe by Satellite Service,5,https://ep-stages.gestmax.eu/2967/1/audiovisual-unit-post-c-europe-by-satellite-service/en_US?backlink=search
Visits and Seminars Unit - POST A: French-speaking sector,3,https://ep-stages.gestmax.eu/2966/1/visits-and-seminars-unit-post-a-french-speaking-sector/en_US?backlink=search
Conference Coordination Unit  - Post A,4,https://ep-stages.gestmax.eu/2965/1/conference-coordination-unit-post-a/en_US?backlink=search
Archives Unit,6,https://ep-stages.gestmax.eu/2964/1/archives-unit/en_US?backlink=search
European Parliament Liaison Office in Croatia - Post B,6,https://ep-stages.gestmax.eu/2963/1/european-parliament-liaison-office-in-croatia-post-b/en_US?backlink=search
Eco-management and audit scheme Unit (EMAS),5,https://ep-stages.gestmax.eu/2962/1/eco-management-and-audit-scheme-unit-emas/en_US?backlink=search
European Parliament Liaison Office in Croatia - Post A,9,https://ep-stages.gestmax.eu/2961/1/european-parliament-liaison-office-in-croatia-post-a/en_US?backlink=search
European Union Visitors Programme,32,https://ep-stages.gestmax.eu/2960/1/european-union-visitors-programme/en_US?backlink=search
European Parliament Liaison Office in Romania,13,https://ep-stages.gestmax.eu/2959/1/european-parliament-liaison-office-in-romania/en_US?backlink=search
Conference Usher Unit,4,https://ep-stages.gestmax.eu/2958/1/conference-ushers-unit/en_US?backlink=search
 Risk Assessment Unit - Poste B,15,https://ep-stages.gestmax.eu/2957/1/unite-de-l-evaluation-des-risques-poste-b/en_US?backlink=search
Conference Technicians Unit ,2,https://ep-stages.gestmax.eu/2956/1/conference-technicians-unit/en_US?backlink=search
Risk Assessment Unit - Poste A,17,https://ep-stages.gestmax.eu/2955/1/unite-de-l-evaluation-des-risques-poste-a/en_US?backlink=search
Personnel and planning unit,5,https://ep-stages.gestmax.eu/2954/1/unite-du-personnel-et-de-la-planification/en_US?backlink=search
Facilities Management Unit,6,https://ep-stages.gestmax.eu/2953/1/facilities-management-unit/en_US?backlink=search
Dispatching unit,2,https://ep-stages.gestmax.eu/2952/1/unite-du-dispatching/en_US?backlink=search
Security and Safety Luxembourg Unit,5,https://ep-stages.gestmax.eu/2951/1/unite-securite-et-surete-luxembourg/en_US?backlink=search
Accreditation Unit,2,https://ep-stages.gestmax.eu/2950/1/unite-de-l-accreditation/en_US?backlink=search
Information Technology and  IT Support Unit,5,https://ep-stages.gestmax.eu/2949/1/information-technology-and-it-support-unit/en_US?backlink=search
Directorate-General for Security and Safety,3,https://ep-stages.gestmax.eu/2948/1/direction-generale-de-la-securite-et-de-la-protection/en_US?backlink=search
"Secretariat of the Committee on Civil Liberties, Justice and Home Affairs - Post C",33,https://ep-stages.gestmax.eu/2947/1/secretariat-of-the-committee-on-civil-liberties-justice-and-home-affairs-post-c/en_US?backlink=search
"Secretariat of the Committee on Civil Liberties, Justice and Home Affairs - Post B",24,https://ep-stages.gestmax.eu/2946/1/secretariat-of-the-committee-on-civil-liberties-justice-and-home-affairs-post-b/en_US?backlink=search
"Secretariat of the Committee on Civil Liberties, Justice and Home Affairs - Post A",25,https://ep-stages.gestmax.eu/2945/1/secretariat-of-the-committee-on-civil-liberties-justice-and-home-affairs-post-a/en_US?backlink=search
"Policy Department for Economic, Scientific and Quality of Life Policies - post B",10,https://ep-stages.gestmax.eu/2944/1/policy-department-for-economic-scientific-and-quality-of-life-policies-post-b/en_US?backlink=search
Human Resources Unit,8,https://ep-stages.gestmax.eu/2943/1/human-resources-unit/en_US?backlink=search
Request Management Unit - Post A,2,https://ep-stages.gestmax.eu/2942/1/request-management-unit-post-a/en_US?backlink=search
European Parliament Liaison Office in Slovakia ,4,https://ep-stages.gestmax.eu/2939/1/european-parliament-liaison-office-in-slovakia/en_US?backlink=search
European Parliament Liaison office in the Czech Republic - Post B: Written and online press,2,https://ep-stages.gestmax.eu/2938/1/european-parliament-liaison-office-in-the-czech-republic-post-b-written-and-online-press/en_US?backlink=search
European Parliament Liaison office in the Czech Republic - Post A: Digital communication,2,https://ep-stages.gestmax.eu/2937/1/european-parliament-liaison-office-in-the-czech-republic-post-a-digital-communication/en_US?backlink=search
European Parliament Liaison Office in Poland - Wroclaw Regional Office - Post B: Digital communication,3,https://ep-stages.gestmax.eu/2936/1/european-parliament-liaison-office-in-poland-wroclaw-regional-office-post-b-digital-communicati/en_US?backlink=search
Unit for the Recruitment of Auxiliary Conference Interpreters,4,https://ep-stages.gestmax.eu/2935/1/unit-for-the-recruitment-of-auxiliary-conference-interpreters/en_US?backlink=search
European Parliament Liaison Office in Poland - Wroclaw Regional Office - Post A: Audiovisual communication,1,https://ep-stages.gestmax.eu/2934/1/european-parliament-liaison-office-in-poland-wroclaw-regional-office-post-a-audiovisual-communi/en_US?backlink=search
Interpreter Support and Training Unit,33,https://ep-stages.gestmax.eu/2933/1/interpreter-support-and-training-unit/en_US?backlink=search
European Parliament Liaison Office in Malta - Post A,3,https://ep-stages.gestmax.eu/2932/1/european-parliament-liaison-office-in-malta-post-a/en_US?backlink=search
European Parliament Liaison Office in Malta - Post B,5,https://ep-stages.gestmax.eu/2931/1/european-parliament-liaison-office-in-malta-post-b/en_US?backlink=search
Multilingualism  and Succession Planning Unit - Post A: E-Learning Service,5,https://ep-stages.gestmax.eu/2930/1/multilingualism-and-succession-planning-unit-post-a-e-learning-service/en_US?backlink=search
Directorate for Interpretation,9,https://ep-stages.gestmax.eu/2929/1/directorate-for-interpretation/en_US?backlink=search
Maltese Translation Unit - Post C,0,https://ep-stages.gestmax.eu/2928/1/maltese-translation-unit-post-c/en_US?backlink=search
Maltese Translation Unit - Post B,0,https://ep-stages.gestmax.eu/2927/1/maltese-translation-unit-post-b/en_US?backlink=search
Maltese Translation Unit - Post A,1,https://ep-stages.gestmax.eu/2926/1/maltese-translation-unit-post-a/en_US?backlink=search
Lithuanian Translation Unit – Post C,2,https://ep-stages.gestmax.eu/2925/1/lithuanian-translation-unit-post-c/en_US?backlink=search
Lithuanian Translation Unit – Post B,2,https://ep-stages.gestmax.eu/2924/1/lithuanian-translation-unit-post-b/en_US?backlink=search
Lithuanian Translation Unit – Post A,2,https://ep-stages.gestmax.eu/2923/1/lithuanian-translation-unit-post-a/en_US?backlink=search
European Parliament Liaison Office in Estonia,0,https://ep-stages.gestmax.eu/2922/1/european-parliament-liaison-office-in-estonia/en_US?backlink=search
Latvian Translation Unit - Post A,0,https://ep-stages.gestmax.eu/2921/1/latvian-translation-unit-post-a/en_US?backlink=search
European Parliament Liaison Office in Latvia - Post B: Written and online press ,3,https://ep-stages.gestmax.eu/2920/1/european-parliament-liaison-office-in-latvia-post-b-written-and-online-press/en_US?backlink=search
European Parliament Liaison Office in Austria: - Post B: Digital Communication,6,https://ep-stages.gestmax.eu/2919/1/european-parliament-liaison-office-in-austria-post-b-digital-communication/en_US?backlink=search
European Parliament Liaison Office in Austria: Post A - Written and Online Press,5,https://ep-stages.gestmax.eu/2918/1/european-parliament-liaison-office-in-austria-post-a-written-and-online-press/en_US?backlink=search
European Parliament Liaison Office in Latvia - Post A: Public relations,6,https://ep-stages.gestmax.eu/2917/1/european-parliament-liaison-office-in-latvia-post-a-public-relations/en_US?backlink=search
European Parliament Liaison Office in Sweden - Post B: Media,5,https://ep-stages.gestmax.eu/2916/1/european-parliament-liaison-office-in-sweden-post-b-media/en_US?backlink=search
European Parliament Liaison Office in Lithuania - Post B,0,https://ep-stages.gestmax.eu/2915/1/european-parliament-liaison-office-in-lithuania-post-b/en_US?backlink=search
European Parliament Liaison Office in Sweden - Post A: Event organisation,3,https://ep-stages.gestmax.eu/2914/1/european-parliament-liaison-office-in-sweden-post-a-event-organisation/en_US?backlink=search
European Parliament Liaison Office in Lithuania - Post A,1,https://ep-stages.gestmax.eu/2913/1/european-parliament-liaison-office-in-lithuania-post-a/en_US?backlink=search
European Parliament Liaison Office in Italy - Milan Regional Office,49,https://ep-stages.gestmax.eu/2912/1/european-parliament-liaison-office-in-italy-milan-regional-office/en_US?backlink=search
Communications and Outreach Unit,8,https://ep-stages.gestmax.eu/2911/1/communications-and-outreach-unit/en_US?backlink=search
European Parliament Liaison Office in Italy - Post B,32,https://ep-stages.gestmax.eu/2910/1/european-parliament-liaison-office-in-italy-post-b/en_US?backlink=search
European Parliament Liaison Office in Italy - Post A,33,https://ep-stages.gestmax.eu/2909/1/european-parliament-liaison-office-in-italy-post-a/en_US?backlink=search
Latvian Translation Unit - Post B,0,https://ep-stages.gestmax.eu/2908/1/latvian-translation-unit-post-b/en_US?backlink=search
"Policy Department for Economic, Scientific and Quality of Life Policies - post A",11,https://ep-stages.gestmax.eu/2906/1/policy-department-for-economic-scientific-and-quality-of-life-policies-post-a/en_US?backlink=search
"Secretariat of the Committee on Environment, Public Health and Food Safety - Post B",44,https://ep-stages.gestmax.eu/2905/1/secretariat-of-the-committee-on-environment-public-health-and-food-safety-post-b/en_US?backlink=search
"Secretariat of the Committee on Environment, Public Health and Food Safety - Post A",59,https://ep-stages.gestmax.eu/2904/1/secretariat-of-the-committee-on-environment-public-health-and-food-safety-post-a/en_US?backlink=search
Legislative Affairs Unit - Post B,20,https://ep-stages.gestmax.eu/2903/1/legislative-affairs-unit-post-b/en_US?backlink=search
Legislative Affairs Unit - Post A,13,https://ep-stages.gestmax.eu/2902/1/legislative-affairs-unit-post-a/en_US?backlink=search
Secretariat of the Committee on Petitions - Post B,10,https://ep-stages.gestmax.eu/2901/1/secretariat-of-the-committee-on-petitions-post-b/en_US?backlink=search
Secretariat of the Committee on Petitions - Post A,10,https://ep-stages.gestmax.eu/2900/1/secretariat-of-the-committee-on-petitions-post-a/en_US?backlink=search
Secretariat of the Committee on Employment and Social Affairs,22,https://ep-stages.gestmax.eu/2899/1/secretariat-of-the-committee-on-employment-and-social-affairs/en_US?backlink=search
Directorate for Citizens' Rights and Constitutional Affairs,17,https://ep-stages.gestmax.eu/2898/1/directorate-for-citizens-rights-and-constitutional-affairs/en_US?backlink=search
Policy Department for Citizens' Rights and Constitutional Affairs,34,https://ep-stages.gestmax.eu/2897/1/policy-department-for-citizens-rights-and-constitutional-affairs/en_US?backlink=search
Coordination of Editorial and Communication Activities Unit,7,https://ep-stages.gestmax.eu/2896/1/coordination-of-editorial-and-communication-activities-unit/en_US?backlink=search
Central Support Unit,3,https://ep-stages.gestmax.eu/2893/1/central-support-unit/en_US?backlink=search
Italian Translation Unit - Post B,32,https://ep-stages.gestmax.eu/2892/1/italian-translation-unit-post-b/en_US?backlink=search
People Transport Unit ,1,https://ep-stages.gestmax.eu/2891/1/unite-transport-de-personnes/en_US?backlink=search
Italian Translation Unit - Post A,32,https://ep-stages.gestmax.eu/2890/1/italian-translation-unit-post-a/en_US?backlink=search
Directorate for Building Projects,6,https://ep-stages.gestmax.eu/2889/1/direction-des-projets-immobiliers/en_US?backlink=search
Unité Projets Immobiliers en cours à Strasbourg,0,https://ep-stages.gestmax.eu/2888/1/unite-projets-immobiliers-en-cours-a-strasbourg/fr_FR?backlink=search
Brussels Current Building Projects Unit,6,https://ep-stages.gestmax.eu/2887/1/unite-des-projets-immobiliers-en-cours-a-bruxelles/en_US?backlink=search
Luxembourg Buildings Management and Maintenance Unit,3,https://ep-stages.gestmax.eu/2886/1/unite-de-la-gestion-immobiliere-et-de-la-maintenance-a-luxembourg/en_US?backlink=search
Learning and Development Unit - Post B: Learn.MEP,6,https://ep-stages.gestmax.eu/2885/1/learning-and-development-unit-post-b-learn-mep/en_US?backlink=search
Learning and Development Unit - Post A: IT training and Learning Technologies,3,https://ep-stages.gestmax.eu/2884/1/learning-and-development-unit-post-a-it-training-and-learning-technologies/en_US?backlink=search
Bureau de liaison du Parlement européen en France - Poste C: Relations publiques,10,https://ep-stages.gestmax.eu/2883/1/bureau-de-liaison-du-parlement-europeen-en-france-poste-c-relations-publiques/fr_FR?backlink=search
Bureau de liaison du Parlement européen en France - Poste B: Relations publiques,11,https://ep-stages.gestmax.eu/2882/1/bureau-de-liaison-du-parlement-europeen-en-france-poste-b-relations-publiques/fr_FR?backlink=search
Bureau de liaison du Parlement européen en France - Poste A: Presse,8,https://ep-stages.gestmax.eu/2881/1/bureau-de-liaison-du-parlement-europeen-en-france-poste-a-presse/fr_FR?backlink=search
European Parliament Liaison Office in Portugal,74,https://ep-stages.gestmax.eu/2880/1/european-parliament-liaison-office-in-portugal/en_US?backlink=search
Secretariat of the Subcommittee on Tax Matters,6,https://ep-stages.gestmax.eu/2879/1/secretariat-of-the-subcommittee-on-tax-matters/en_US?backlink=search
European Parliament Former Members Association,2,https://ep-stages.gestmax.eu/2877/1/european-parliament-former-members-association/en_US?backlink=search
Unité Protocole - Poste B,5,https://ep-stages.gestmax.eu/2876/1/unite-protocole-poste-b/fr_FR?backlink=search
Economic Governance Support Unit,29,https://ep-stages.gestmax.eu/2875/1/economic-governance-support-unit/en_US?backlink=search
Policy Department for Structural and Cohesion Policies,12,https://ep-stages.gestmax.eu/2874/1/policy-department-for-structural-and-cohesion-policies/en_US?backlink=search
Secretariat of the Special Committee on Artificial Intelligence in a Digital Age,26,https://ep-stages.gestmax.eu/2873/1/secretariat-of-the-special-committee-on-artificial-intelligence-in-a-digital-age/en_US?backlink=search
European Parliament Liaison Office in Spain - Post C,24,https://ep-stages.gestmax.eu/2872/1/european-parliament-liaison-office-in-spain-post-c/en_US?backlink=search
European Parliament Liaison Office in Spain - Post B,23,https://ep-stages.gestmax.eu/2871/1/european-parliament-liaison-office-in-spain-post-b/en_US?backlink=search
European Parliament Liaison Office in Spain - Post A,27,https://ep-stages.gestmax.eu/2870/1/european-parliament-liaison-office-in-spain-post-a/en_US?backlink=search
Unité Protocole - Poste A,3,https://ep-stages.gestmax.eu/2869/1/unite-protocole-poste-a/fr_FR?backlink=search
European Parliament Liaison Office in Hungary - Post B: Public Relations,5,https://ep-stages.gestmax.eu/2868/1/european-parliament-liaison-office-in-hungary-post-b-public-relations/en_US?backlink=search
European Parliament Liaison Office in Hungary - Post A: Press ,4,https://ep-stages.gestmax.eu/2867/1/european-parliament-liaison-office-in-hungary-post-a-press/en_US?backlink=search
Secretariat of the Committee on Budgets,6,https://ep-stages.gestmax.eu/2866/1/secretariat-of-the-committee-on-budgets/en_US?backlink=search
European Parliament Liaison Office in Luxembourg - Post A: Public relations ,4,https://ep-stages.gestmax.eu/2865/1/european-parliament-liaison-office-in-luxembourg-post-a-public-relations/en_US?backlink=search
Secretariat of the Committee on Constitutional Affairs,27,https://ep-stages.gestmax.eu/2864/1/secretariat-of-the-committee-on-constitutional-affairs/en_US?backlink=search
European Parliament Liaison Office in Luxembourg - Post B: Social media,2,https://ep-stages.gestmax.eu/2863/1/european-parliament-liaison-office-in-luxembourg-post-b-social-media/en_US?backlink=search
Secretariat of the Committee on Regional Development,40,https://ep-stages.gestmax.eu/2862/1/secretariat-of-the-committee-on-regional-development/en_US?backlink=search
Secretariat of the Committee on Agriculture and Rural Development,23,https://ep-stages.gestmax.eu/2861/1/secretariat-of-the-committee-on-agriculture-and-rural-development/en_US?backlink=search
Secretariat of the Committee on the Internal Market and Consumer Protection - Post B,9,https://ep-stages.gestmax.eu/2860/1/secretariat-of-the-committee-on-the-internal-market-and-consumer-protection-post-b/en_US?backlink=search
Secretariat of the Committee on the Internal Market and Consumer Protection - Post A,9,https://ep-stages.gestmax.eu/2859/1/secretariat-of-the-committee-on-the-internal-market-and-consumer-protection-post-a/en_US?backlink=search
European Parliament Liaison Office in Germany - Post B,5,https://ep-stages.gestmax.eu/2858/1/european-parliament-liaison-office-in-germany-post-b/en_US?backlink=search
European Parliament Liaison Office in Germany - Post A,3,https://ep-stages.gestmax.eu/2857/1/european-parliament-liaison-office-in-germany-post-a/en_US?backlink=search
Directorate for Legislative and Committee Coordination,5,https://ep-stages.gestmax.eu/2856/1/directorate-for-legislative-and-committee-coordination/en_US?backlink=search
Secretariat of the Committee on Transport and Tourism,17,https://ep-stages.gestmax.eu/2855/1/secretariat-of-the-committee-on-transport-and-tourism/en_US?backlink=search
Committee Coordination and Legislative Programming Unit,14,https://ep-stages.gestmax.eu/2854/1/committee-coordination-and-legislative-programming-unit/en_US?backlink=search
Secretariat of the Committee on Women's Rights and Gender Equality,70,https://ep-stages.gestmax.eu/2853/1/secretariat-of-the-committee-on-women-s-rights-and-gender-equality/en_US?backlink=search
Clear Language and Editing Unit - Post B: Coordination,5,https://ep-stages.gestmax.eu/2852/1/clear-language-and-editing-unit-post-b-coordination/en_US?backlink=search
Clear Language and Editing Unit - Post C: Coordination,3,https://ep-stages.gestmax.eu/2851/1/clear-language-and-editing-unit-post-c-coordination/en_US?backlink=search
President's Office: Internal policies team - Post B,5,https://ep-stages.gestmax.eu/2850/1/president-s-office-internal-policies-team-post-b/en_US?backlink=search
President's Office: Internal policies team - Post A,4,https://ep-stages.gestmax.eu/2849/1/president-s-office-internal-policies-team-post-a/en_US?backlink=search
President's Office: Media and Communication team - Post A,10,https://ep-stages.gestmax.eu/2848/1/president-s-office-media-and-communication-team-post-a/en_US?backlink=search
Czech Translation Unit,0,https://ep-stages.gestmax.eu/2847/1/czech-translation-unit/en_US?backlink=search
Secretariat of the Special Committee on Beating Cancer,8,https://ep-stages.gestmax.eu/2846/1/secretariat-of-the-special-committee-on-beating-cancer/en_US?backlink=search
European Parliament Liaison Office in the Netherlands - Post B: Press and social media,2,https://ep-stages.gestmax.eu/2845/1/european-parliament-liaison-office-in-the-netherlands-post-b-press-and-social-media/en_US?backlink=search
"European Parliament Liaison Office in the Netherlands - Post A: Public Relations, Education and Events ",5,https://ep-stages.gestmax.eu/2844/1/european-parliament-liaison-office-in-the-netherlands-post-a-public-relations-education-events/en_US?backlink=search
Clear Language and Editing Unit - Post A: Editing,2,https://ep-stages.gestmax.eu/2843/1/clear-language-and-editing-unit-post-a-editing/en_US?backlink=search
European Parliament Liaison Office in Finland - Post B,3,https://ep-stages.gestmax.eu/2842/1/european-parliament-liaison-office-in-finland-post-b/en_US?backlink=search
European Parliament Liaison Office in Finland - Post A,4,https://ep-stages.gestmax.eu/2841/1/european-parliament-liaison-office-in-finland-post-a/en_US?backlink=search
Euramis Pre-Translation Unit,12,https://ep-stages.gestmax.eu/2840/1/euramis-pre-translation-unit/en_US?backlink=search
European Parliament Liaison Office in Ireland - Post A: Media,8,https://ep-stages.gestmax.eu/2839/1/european-parliament-liaison-office-in-ireland-post-a-media/en_US?backlink=search
Policy Department for Budgetary Affairs - Post B,6,https://ep-stages.gestmax.eu/2837/1/policy-department-for-budgetary-affairs-post-b/en_US?backlink=search
Policy Department for Budgetary Affairs - Post A,7,https://ep-stages.gestmax.eu/2836/1/policy-department-for-budgetary-affairs-post-a/en_US?backlink=search
Secretariat of the Committee on Budgetary Control - Post B,3,https://ep-stages.gestmax.eu/2835/1/secretariat-of-the-committee-on-budgetary-control-post-b/en_US?backlink=search
Secretariat of the Committee on Budgetary Control - Post A,4,https://ep-stages.gestmax.eu/2834/1/secretariat-of-the-committee-on-budgetary-control-post-a/en_US?backlink=search
Strategy and Innovation Unit - Post C,6,https://ep-stages.gestmax.eu/2833/1/strategy-and-innovation-unit-post-c/en_US?backlink=search
Strategy and Innovation Unit - Post B,6,https://ep-stages.gestmax.eu/2832/1/strategy-and-innovation-unit-post-b/en_US?backlink=search
Strategy and Innovation Unit - Post A,6,https://ep-stages.gestmax.eu/2831/1/strategy-and-innovation-unit-post-a/en_US?backlink=search
"Secretariat of the Committee on Industry, Research and Energy",27,https://ep-stages.gestmax.eu/2830/1/secretariat-of-the-committee-on-industry-research-and-energy/en_US?backlink=search
President's Office: Media and Communication team - Post B,8,https://ep-stages.gestmax.eu/2829/1/president-s-office-media-and-communication-team-post-b/en_US?backlink=search
President's Office: European law ,25,https://ep-stages.gestmax.eu/2828/1/president-s-office-european-law/en_US?backlink=search
President's Office: External policies team,44,https://ep-stages.gestmax.eu/2827/1/president-s-office-external-policies-team/en_US?backlink=search
Hungarian Translation Unit - Post C,1,https://ep-stages.gestmax.eu/2826/1/hungarian-translation-unit-post-c/en_US?backlink=search
Hungarian Translation Unit - Post B,1,https://ep-stages.gestmax.eu/2825/1/hungarian-translation-unit-post-b/en_US?backlink=search
Hungarian Translation Unit - Post A,1,https://ep-stages.gestmax.eu/2824/1/hungarian-translation-unit-post-a/en_US?backlink=search
European Parliament Liaison Office in Denmark - Post B: Social Media and Events,2,https://ep-stages.gestmax.eu/2823/1/european-parliament-liaison-office-in-denmark-post-b-social-media-and-events/en_US?backlink=search
European Parliament Liaison Office in Denmark - Post A: Written and Online Press,4,https://ep-stages.gestmax.eu/2822/1/european-parliament-liaison-office-in-denmark-post-a-written-and-online-press/en_US?backlink=search
European Parliament Liaison Office in Belgium - Post B: Digital Communication (FR),2,https://ep-stages.gestmax.eu/2821/1/european-parliament-liaison-office-in-belgium-post-b-digital-communication-fr/en_US?backlink=search
European Parliament Liaison Office in Belgium - Post A: Digital Communication (NL),3,https://ep-stages.gestmax.eu/2820/1/european-parliament-liaison-office-in-belgium-post-a-digital-communication-nl/en_US?backlink=search
European Parliament Liaison Office in Germany - Munich Regional Office - Post A,4,https://ep-stages.gestmax.eu/2819/1/european-parliament-liaison-office-in-germany-munich-regional-office-post-a/en_US?backlink=search
European Parliament Liaison Office in Germany - Munich Regional Office - Post B: Media,2,https://ep-stages.gestmax.eu/2818/1/european-parliament-liaison-office-in-germany-munich-regional-office-post-b/en_US?backlink=search
Directorate for Support and Technological Services for Translation,0,https://ep-stages.gestmax.eu/2817/1/directorate-for-support-and-technological-services-for-translation/en_US?backlink=search
Directorate for Visitors,6,https://ep-stages.gestmax.eu/2816/1/directorate-for-visitors/en_US?backlink=search
Logistical Support Unit for Liaison Offices,3,https://ep-stages.gestmax.eu/2815/1/logistical-support-unit-for-liaison-offices/en_US?backlink=search
Projects Support Unit - Business Analysis and Project Methods Service,4,https://ep-stages.gestmax.eu/2814/1/projects-support-unit-business-analysis-and-project-methods-service/en_US?backlink=search
Individual Equipment and Logistics Unit - Electronic Voting and Associated Services Service,2,https://ep-stages.gestmax.eu/2813/1/individual-equipment-and-logistics-unit-electronic-voting-and-associated-services-service/en_US?backlink=search
"Data Management, Document Production Unit ",7,https://ep-stages.gestmax.eu/2812/1/data-management-document-production-unit/en_US?backlink=search
Directorate for Citizens' Language,2,https://ep-stages.gestmax.eu/2811/1/directorate-for-citizens-language/en_US?backlink=search
Danish Translation Unit – Post B,1,https://ep-stages.gestmax.eu/2810/1/danish-translation-unit-post-b/en_US?backlink=search
Danish Translation Unit – Post A,1,https://ep-stages.gestmax.eu/2809/1/danish-translation-unit-post-a/en_US?backlink=search
European Parliament Liaison Office in Greece - Post B: Public Relations,22,https://ep-stages.gestmax.eu/2808/1/european-parliament-liaison-office-in-greece-post-b-public-relations/en_US?backlink=search
European Parliament Liaison Office in Greece - Post A: Written and Online Press,13,https://ep-stages.gestmax.eu/2807/1/european-parliament-liaison-office-in-greece-post-a-written-and-online-press/en_US?backlink=search
Parlamentarium - Post B,4,https://ep-stages.gestmax.eu/2806/1/parlamentarium-post-b/en_US?backlink=search
Parlamentarium - Post A,5,https://ep-stages.gestmax.eu/2805/1/parlamentarium-post-a/en_US?backlink=search
Strategic Support Unit for Liaison Offices,5,https://ep-stages.gestmax.eu/2804/1/strategic-support-unit-for-liaison-offices/en_US?backlink=search
European Parliament Liaison Office in Poland - Post B: Digital communication,3,https://ep-stages.gestmax.eu/2803/1/european-parliament-liaison-office-in-poland-post-b-digital-communication/en_US?backlink=search
European Parliament Liaison Office in Poland - Post A: Public relations,4,https://ep-stages.gestmax.eu/2802/1/european-parliament-liaison-office-in-poland-post-a-public-relations/en_US?backlink=search
Terminology Coordination Unit - Post D: Communication,0,https://ep-stages.gestmax.eu/2801/1/terminology-coordination-unit-post-d-communication/en_US?backlink=search
Terminology Coordination Unit - Post C: Communication,1,https://ep-stages.gestmax.eu/2800/1/terminology-coordination-unit-post-c-communication/en_US?backlink=search
Terminology Coordination Unit - Post B: Terminology,9,https://ep-stages.gestmax.eu/2799/1/terminology-coordination-unit-post-b-terminology/en_US?backlink=search
Terminology Coordination Unit - Post A: Terminology,9,https://ep-stages.gestmax.eu/2798/1/terminology-coordination-unit-post-a-terminology/en_US?backlink=search
"Innovation, Intranets and Digital Solutions Unit - Innovation Service",8,https://ep-stages.gestmax.eu/2797/1/innovation-intranets-and-digital-solutions-unit-innovation-service/en_US?backlink=search
Customer Experience Unit - Customer Relationship Management Service,2,https://ep-stages.gestmax.eu/2796/1/customer-experience-unit-customer-relationship-management-service/en_US?backlink=search
Corporate IT Systems Unit - Communication Systems Service,6,https://ep-stages.gestmax.eu/2795/1/corporate-it-systems-unit-communication-systems-service/en_US?backlink=search
Croatian Translation Unit – Post B,0,https://ep-stages.gestmax.eu/2794/1/croatian-translation-unit-post-b/en_US?backlink=search
Members IT Support Unit,1,https://ep-stages.gestmax.eu/2793/1/members-it-support-unit/en_US?backlink=search
Croatian Translation Unit – Post A,0,https://ep-stages.gestmax.eu/2792/1/croatian-translation-unit-post-a/en_US?backlink=search
User Support Unit - Services Management Service,3,https://ep-stages.gestmax.eu/2791/1/user-support-unit-services-management-service/en_US?backlink=search
Dutch Translation Unit - Post B,2,https://ep-stages.gestmax.eu/2790/1/dutch-translation-unit-post-b/en_US?backlink=search
Dutch Translation Unit - Post A,0,https://ep-stages.gestmax.eu/2789/1/dutch-translation-unit-post-a/en_US?backlink=search
Directorate for HR Support and Social Services,11,https://ep-stages.gestmax.eu/2788/1/directorate-for-hr-support-and-social-services/en_US?backlink=search
Media Intelligence Unit - Post B,7,https://ep-stages.gestmax.eu/2787/1/media-intelligence-unit-post-b/en_US?backlink=search
Media Intelligence Unit - Post A,5,https://ep-stages.gestmax.eu/2786/1/media-intelligence-unit-post-a/en_US?backlink=search
Personnel Unit,7,https://ep-stages.gestmax.eu/2785/1/personnel-unit/en_US?backlink=search
Audiovisual Unit - Post B: Promotion service,11,https://ep-stages.gestmax.eu/2784/1/audiovisual-unit-post-b-promotion-service/en_US?backlink=search
Trainee Outreach and Recruitment Unit - Post C: Liaison trainee,6,https://ep-stages.gestmax.eu/2783/1/trainee-outreach-and-recruitment-unit-post-c-liaison-trainee/en_US?backlink=search
Secretariat of the Bureau and the Quaestors,3,https://ep-stages.gestmax.eu/2782/1/secretariat-of-the-bureau-and-the-quaestors/en_US?backlink=search
External Relations Unit,38,https://ep-stages.gestmax.eu/2781/1/unite-relations-exterieures/en_US?backlink=search
Audiovisual Unit - Post A: Twitter/Promotion team,10,https://ep-stages.gestmax.eu/2780/1/audiovisual-unit-post-a-twitter-promotion-team/en_US?backlink=search
Press Unit - Post C: Press Officer (Greek),1,https://ep-stages.gestmax.eu/2779/1/press-unit-post-c-press-officer-greek/en_US?backlink=search
Press Unit - Post E: Press Officer (Slovene),1,https://ep-stages.gestmax.eu/2778/1/press-unit-post-e-press-officer-slovene/en_US?backlink=search
Press Unit - Post D: Press Officer (Spanish),24,https://ep-stages.gestmax.eu/2777/1/press-unit-post-d-press-officer-spanish/en_US?backlink=search
Press Unit - Post B: Press Officer (Danish),5,https://ep-stages.gestmax.eu/2776/1/press-unit-post-b-press-officer-danish/en_US?backlink=search
Press Unit - Post A: Press Officer (Italian),28,https://ep-stages.gestmax.eu/2775/1/press-unit-post-a-press-officer-italian/en_US?backlink=search
Staff Careers Unit,8,https://ep-stages.gestmax.eu/2774/1/unite-carrieres-statutaires/en_US?backlink=search
Institutional and Budgetary Law Unit,10,https://ep-stages.gestmax.eu/2773/1/unite-droits-institutionnel-et-budgetaire/en_US?backlink=search
Structural and Cohesion Policies Unit,8,https://ep-stages.gestmax.eu/2772/1/unite-politiques-structurelles-et-de-cohesion/en_US?backlink=search
Contractual and Financial Law Unit,18,https://ep-stages.gestmax.eu/2771/1/unite-droits-contractuel-et-financier/en_US?backlink=search
Real Estate Projects Unit,9,https://ep-stages.gestmax.eu/2770/1/unite-projets-immobiliers/en_US?backlink=search
German Translation Unit - Post C,4,https://ep-stages.gestmax.eu/2769/1/german-translation-unit-post-c/en_US?backlink=search
German Translation Unit - Post B,3,https://ep-stages.gestmax.eu/2768/1/german-translation-unit-post-b/en_US?backlink=search
German Translation Unit - Post A,4,https://ep-stages.gestmax.eu/2767/1/german-translation-unit-post-a/en_US?backlink=search
Directorate for Media,10,https://ep-stages.gestmax.eu/2766/1/directorate-for-media/en_US?backlink=search
Media Services Unit - Post A,10,https://ep-stages.gestmax.eu/2765/1/media-services-unit-post-a/en_US?backlink=search
Media Services Unit - Post B,5,https://ep-stages.gestmax.eu/2764/1/media-services-unit-post-b/en_US?backlink=search
Media Services Unit - Post C,6,https://ep-stages.gestmax.eu/2763/1/media-services-unit-post-c/en_US?backlink=search
Secretariat of the Committee on Culture and Education,56,https://ep-stages.gestmax.eu/2762/1/secretariat-of-the-committee-on-culture-and-education/en_US?backlink=search
Public Opinion Monitoring Unit - Post B: Graphic Designer,6,https://ep-stages.gestmax.eu/2761/1/public-opinion-monitoring-unit-post-b-graphic-designer/en_US?backlink=search
Secretariat of the Committee on Economic and Monetary Affairs - Post B,15,https://ep-stages.gestmax.eu/2760/1/secretariat-of-the-committee-on-economic-and-monetary-affairs-post-b/en_US?backlink=search
Secretariat of the Committee on Economic and Monetary Affairs - Post A,22,https://ep-stages.gestmax.eu/2759/1/secretariat-of-the-committee-on-economic-and-monetary-affairs-post-a/en_US?backlink=search
Public Opinion Monitoring Unit - Post A: Data Analyst,8,https://ep-stages.gestmax.eu/2758/1/public-opinion-monitoring-unit-post-a-data-analyst/en_US?backlink=search
Editorial Coordination Unit,5,https://ep-stages.gestmax.eu/2757/1/editorial-coordination-unit/en_US?backlink=search
Youth Outreach Unit - Post C: Programme of the European Youth Event,7,https://ep-stages.gestmax.eu/2756/1/youth-outreach-unit-post-c-programme-of-the-european-youth-event/en_US?backlink=search
Youth Outreach Unit - Post B: Social media and content production,18,https://ep-stages.gestmax.eu/2755/1/youth-outreach-unit-post-b-social-media-and-content-production/en_US?backlink=search
Strategy and Innovation Unit,2,https://ep-stages.gestmax.eu/2754/1/strategy-and-innovation-unit/en_US?backlink=search
Spokesperson's Unit: Press Officer,7,https://ep-stages.gestmax.eu/2753/1/spokesperson-s-unit/en_US?backlink=search
"Procurement, Contracts and Grant Management Unit",2,https://ep-stages.gestmax.eu/3017/1/procurement-contracts-and-grant-management-unit/en_US?backlink=search
European Parliament Liaison Office in Slovenia - Post B: Written and online press,1,https://ep-stages.gestmax.eu/2941/1/european-parliament-liaison-office-in-slovenia-post-b-written-and-online-press/en_US?backlink=search
European Parliament Liaison Office in Slovenia - Post A: Digital communication,1,https://ep-stages.gestmax.eu/2940/1/european-parliament-liaison-office-in-slovenia-post-a-digital-communication/en_US?backlink=search
Bureau de liaison du Parlement européen en France - Antenne régionale de Marseille ,7,https://ep-stages.gestmax.eu/2907/1/bureau-de-liaison-du-parlement-europeen-en-france-antenne-regionale-de-marseille/fr_FR?backlink=search
Strategy and Innovation Unit,8,https://ep-stages.gestmax.eu/2895/1/strategy-and-innovation-unit/en_US?backlink=search
European Parliament Liaison Office in Spain - Barcelona Regional Office: Communication ,36,https://ep-stages.gestmax.eu/2878/1/european-parliament-liaison-office-in-spain-barcelona-regional-office/en_US?backlink=search
European Parliament Liaison Office in Ireland - Post B: Outreach and Events ,5,https://ep-stages.gestmax.eu/2838/1/european-parliament-liaison-office-in-ireland-post-b-outreach-and-events/en_US?backlink=search
Youth Outreach Unit - Post A: Youth outreach and events,10,https://ep-stages.gestmax.eu/2752/1/youth-outreach-unit-post-a-youth-outreach-and-events/en_US?backlink=search
"Interinstitutional Relations Unit - Post B: Assisting the Unit, also with the Parliament Portfolio Projects",9,https://ep-stages.gestmax.eu/2751/1/interinstitutional-relations-unit-post-b/en_US?backlink=search
European Parliament Liaison Office in Bulgaria - Post A,8,https://ep-stages.gestmax.eu/2750/1/european-parliament-liaison-office-in-bulgaria-post-a/en_US?backlink=search
"Interinstitutional Relations Unit - Post A: Assisting the Unit, also with the organisation of ICG meetings",12,https://ep-stages.gestmax.eu/2749/1/interinstitutional-relations-unit-post-a/en_US?backlink=search
European Parliament Liaison Office in Bulgaria - Post B,7,https://ep-stages.gestmax.eu/2748/1/european-parliament-liaison-office-in-bulgaria-post-b/en_US?backlink=search
Institutional Cooperation Unit,42,https://ep-stages.gestmax.eu/2747/1/institutional-cooperation-unit/en_US?backlink=search
Financial Resources Unit - Post A,5,https://ep-stages.gestmax.eu/2746/1/financial-resources-unit-post-a/en_US?backlink=search
Financial Resources Unit - Post B ,6,https://ep-stages.gestmax.eu/2745/1/financial-resources-unit-post-b/en_US?backlink=search
Trainee Outreach and Recruitment Unit - Post A : Trainee in the Members' Traineeship Team,4,https://ep-stages.gestmax.eu/2744/1/trainee-outreach-and-recruitment-unit-post-a-members-traineeship-team/en_US?backlink=search
Trainee Outreach and Recruitment Unit - Post B: Liaison trainee,6,https://ep-stages.gestmax.eu/2743/1/trainee-outreach-and-recruitment-unit-post-b-liaison-trainee/en_US?backlink=search
"Secretariat of the Committee on Foreign Affairs - Post C:  Global Europe/NDICI, EFI",33,https://ep-stages.gestmax.eu/2742/1/secretariat-of-the-committee-on-foreign-affairs-post-c-global-europe-ndici-efi/en_US?backlink=search
IT Unit ,5,https://ep-stages.gestmax.eu/2741/1/it-unit/en_US?backlink=search
"Equality, Inclusion and Diversity unit",19,https://ep-stages.gestmax.eu/2740/1/equality-inclusion-and-diversity-unit/en_US?backlink=search
Secretariat of the Committee on Foreign Affairs - Post B: EFTA/Neighbourhood policy,27,https://ep-stages.gestmax.eu/2739/1/secretariat-of-the-committee-on-foreign-affairs-post-b-efta-neighbourhood-policy/en_US?backlink=search
APA Front Office Unit ,3,https://ep-stages.gestmax.eu/2738/1/apa-front-office-unit/en_US?backlink=search
Secretariat of the Committee on Foreign Affairs - Post A: Eastern Partnership,36,https://ep-stages.gestmax.eu/2737/1/secretariat-of-the-committee-on-foreign-affairs-post-a-eastern-partnership/en_US?backlink=search
Legislative and Judicial Coordination Unit,22,https://ep-stages.gestmax.eu/2736/1/unite-de-la-coordination-legislative-et-judiciaire/en_US?backlink=search
Secretariat of the Subcommittee on Security and Defence - Post B,46,https://ep-stages.gestmax.eu/2735/1/secretariat-of-the-subcommittee-on-security-and-defence-post-b/en_US?backlink=search
Secretariat of the Subcommittee on Security and Defence - Post A,47,https://ep-stages.gestmax.eu/2734/1/secretariat-of-the-subcommittee-on-security-and-defence-post-a/en_US?backlink=search
Secretariat of the Committee on Development - Post B,43,https://ep-stages.gestmax.eu/2733/1/secretariat-of-the-committee-on-development-post-b/en_US?backlink=search
Justice and Civil Liberties Unit,25,https://ep-stages.gestmax.eu/2732/1/unite-justice-et-libertes-publiques/en_US?backlink=search
Legislative Planning and Coordination Unit,6,https://ep-stages.gestmax.eu/2731/1/legislative-planning-and-coordination-unit/en_US?backlink=search
Directorate for Legislative Acts  - Post F,6,https://ep-stages.gestmax.eu/2730/1/directorate-for-legislative-acts-post-f/en_US?backlink=search
Directorate for Legislative Acts - Post E,4,https://ep-stages.gestmax.eu/2729/1/directorate-for-legislative-acts-post-e/en_US?backlink=search
Directorate for Legislative Acts - Post D,4,https://ep-stages.gestmax.eu/2728/1/directorate-for-legislative-acts-post-d/en_US?backlink=search
Directorate for Legislative Acts - Post C,7,https://ep-stages.gestmax.eu/2727/1/directorate-for-legislative-acts-post-c/en_US?backlink=search
Directorate for Legislative Acts - Post B,6,https://ep-stages.gestmax.eu/2726/1/directorate-for-legislative-acts-post-b/en_US?backlink=search
Directorate for Legislative Acts - Post A,8,https://ep-stages.gestmax.eu/2725/1/directorate-for-legislative-acts-post-a/en_US?backlink=search
Portuguese Translation Unit – Post C,7,https://ep-stages.gestmax.eu/2724/1/portuguese-translation-unit-post-c/en_US?backlink=search
Portuguese Translation Unit – Post B,7,https://ep-stages.gestmax.eu/2723/1/portuguese-translation-unit-post-b/en_US?backlink=search
Portuguese Translation Unit – Post A,9,https://ep-stages.gestmax.eu/2722/1/portuguese-translation-unit-post-a/en_US?backlink=search
Secretariat of the Committee on Development - Post A,44,https://ep-stages.gestmax.eu/2721/1/secretariat-of-the-committee-on-development-post-a/en_US?backlink=search
Economic and Scientific Policies Unit,12,https://ep-stages.gestmax.eu/2720/1/unite-politiques-economiques-et-scientifiques/en_US?backlink=search
Transatlantic Relations and G8 Unit ,43,https://ep-stages.gestmax.eu/2719/1/transatlantic-relations-and-g8-unit/en_US?backlink=search
Mediation and Dialogue Support Unit,31,https://ep-stages.gestmax.eu/2718/1/mediation-and-dialogue-support-unit/en_US?backlink=search
Unité de la traduction française - Poste C,9,https://ep-stages.gestmax.eu/2717/1/unite-de-la-traduction-francaise-poste-c/fr_FR?backlink=search
Unité de la traduction française - Poste B,8,https://ep-stages.gestmax.eu/2716/1/unite-de-la-traduction-francaise-poste-b/fr_FR?backlink=search
Unité de la traduction française - Poste A,13,https://ep-stages.gestmax.eu/2715/1/unite-de-la-traduction-francaise-poste-a/fr_FR?backlink=search
Finnish Translation Unit - Post B,1,https://ep-stages.gestmax.eu/2714/1/finnish-translation-unit-post-b/en_US?backlink=search
Finnish Translation Unit - Post A,0,https://ep-stages.gestmax.eu/2713/1/finnish-translation-unit-post-a/en_US?backlink=search
External Translation Unit,7,https://ep-stages.gestmax.eu/2712/1/external-translation-unit/en_US?backlink=search
Estonian Translation Unit - Post B,0,https://ep-stages.gestmax.eu/2711/1/estonian-translation-unit-post-b/en_US?backlink=search
Estonian Translation Unit - Post A,0,https://ep-stages.gestmax.eu/2710/1/estonian-translation-unit-post-a/en_US?backlink=search
Audio and Podcast Unit – Post C,2,https://ep-stages.gestmax.eu/2709/1/audio-and-podcast-unit-post-c/en_US?backlink=search
Audio and Podcast Unit – Post B,2,https://ep-stages.gestmax.eu/2708/1/audio-and-podcast-unit-post-b/en_US?backlink=search
"Unit for Africa, Caribbean and Pacific - Post B",24,https://ep-stages.gestmax.eu/2707/1/unit-for-africa-caribbean-and-pacific-post-b/en_US?backlink=search
"Unit for Africa, Caribbean and Pacific - Post A",23,https://ep-stages.gestmax.eu/2706/1/unit-for-africa-caribbean-and-pacific-post-a/en_US?backlink=search
Secretariat of the Subcommittee on Human Rights - Post B,45,https://ep-stages.gestmax.eu/2705/1/secretariat-of-the-subcommittee-on-human-rights-post-b/en_US?backlink=search
Secretariat of the Subcommittee on Human Rights - Post A,41,https://ep-stages.gestmax.eu/2704/1/secretariat-of-the-subcommittee-on-human-rights-post-a/en_US?backlink=search
Euromed and Middle East Unit - Post B: Parliamentary Assembly of the Union for the Mediterranean ,41,https://ep-stages.gestmax.eu/2703/1/euromed-and-middle-east-unit-post-b-parliamentary-assembly-of-the-union-for-the-mediterranean/en_US?backlink=search
Euromed and Middle East Unit - Post A: Relations with Arab Peninsula and Iraq,32,https://ep-stages.gestmax.eu/2702/1/euromed-and-middle-east-unit-post-a-relations-with-arab-peninsula-and-iraq/en_US?backlink=search
Special Committee on Foreign Interference in the EU's Democratic Processes,35,https://ep-stages.gestmax.eu/2701/1/special-committee-on-foreign-interference-in-the-eu-s-democratic-processes/en_US?backlink=search
Policy Department for External Relations - Post C: Security and Defense Policy,58,https://ep-stages.gestmax.eu/2700/1/policy-department-for-external-relations-post-c-security-and-defense-policy/en_US?backlink=search
Policy Department for External Relations - Post B: International Trade and Investment Policy,28,https://ep-stages.gestmax.eu/2699/1/policy-department-for-external-relations-post-b-international-trade-and-investment-policy/en_US?backlink=search
Policy Department for External Relations - Post A: Human Rights ,58,https://ep-stages.gestmax.eu/2698/1/policy-department-for-external-relations-post-a-human-rights/en_US?backlink=search
Audio and Podcast Unit – Post A,2,https://ep-stages.gestmax.eu/2697/1/audio-and-podcast-unit-post-a/en_US?backlink=search
Unit for Europe: Eastern Partnership and Russia - Post B,32,https://ep-stages.gestmax.eu/2696/1/unit-for-europe-eastern-partnership-and-russia-post-b/en_US?backlink=search
Unit for Europe: Eastern Partnership and Russia - Post A,36,https://ep-stages.gestmax.eu/2695/1/unit-for-europe-eastern-partnership-and-russia-post-a/en_US?backlink=search
Information Technology and IT Support Unit,1,https://ep-stages.gestmax.eu/2694/1/information-technology-and-it-support-unit/en_US?backlink=search
English Translation Unit - Post B,10,https://ep-stages.gestmax.eu/2693/1/english-translation-unit-post-b/en_US?backlink=search
English Translation Unit - Post A,12,https://ep-stages.gestmax.eu/2692/1/english-translation-unit-post-a/en_US?backlink=search
Irish Translation Unit – Post C,2,https://ep-stages.gestmax.eu/2691/1/irish-translation-unit-post-c/en_US?backlink=search
Irish Translation Unit – Post B,2,https://ep-stages.gestmax.eu/2690/1/irish-translation-unit-post-b/en_US?backlink=search
Irish Translation Unit – Post A,3,https://ep-stages.gestmax.eu/2689/1/irish-translation-unit-post-a/en_US?backlink=search
Human Rights Action Unit - Post B,32,https://ep-stages.gestmax.eu/2688/1/human-rights-action-unit-post-b/en_US?backlink=search
Human Rights Action Unit - Post A,31,https://ep-stages.gestmax.eu/2687/1/human-rights-action-unit-post-a/en_US?backlink=search
"Europe Unit : Enlargement, Western Europe and Northern Cooperation - Post B:  Montenegro and Serbia",26,https://ep-stages.gestmax.eu/2686/1/europe-unit-enlargement-western-europe-and-northern-cooperation-post-b-montenegro-and-serbia/en_US?backlink=search
"Europe Unit: Enlargement, Western Europe and Northern Cooperation - Post A: Non-EU Western European countries",16,https://ep-stages.gestmax.eu/2685/1/europe-unit-enlargement-western-europe-and-northern-cooperation-post-a-non-eu-western-european/en_US?backlink=search
Latin America Unit - Post B,42,https://ep-stages.gestmax.eu/2684/1/latin-america-unit-post-b/en_US?backlink=search
Latin America Unit - Post A,43,https://ep-stages.gestmax.eu/2683/1/latin-america-unit-post-a/en_US?backlink=search
Personnel Unit,9,https://ep-stages.gestmax.eu/2682/1/personnel-unit/en_US?backlink=search
Strategy and Innovation Unit ,21,https://ep-stages.gestmax.eu/2681/1/strategy-and-innovation-unit/en_US?backlink=search
Communication and Outreach Unit,15,https://ep-stages.gestmax.eu/2680/1/communication-and-outreach-unit/en_US?backlink=search
Election Observation and Follow-up Unit,21,https://ep-stages.gestmax.eu/2679/1/election-observation-and-follow-up-unit/en_US?backlink=search
Bulgarian Translation Unit - Post C,2,https://ep-stages.gestmax.eu/2678/1/bulgarian-translation-unit-post-c/en_US?backlink=search
